alpha,flatness,depth_param,measured_depth,seed,architecture,nrmse_slow,nrmse_fast
0.0,0.0013343466642303176,0.1,0.20029614495606507,1,serial_force,0.1780894358688762,0.7092440712019978
0.0,0.0013343466642303176,0.1,0.20029614495606507,1,esn_matched,0.32445643777621436,0.6069866151871933
0.0,0.0013343466642303176,0.1,0.20029614495606507,2,serial_force,0.17973080857949364,0.6757894748672182
0.0,0.0013343466642303176,0.1,0.20029614495606507,2,esn_matched,0.34244300597842303,0.564709597350389
0.0,0.0013343466642303176,0.1,0.20029614495606507,3,serial_force,0.18681297455231147,0.682487752163897
0.0,0.0013343466642303176,0.1,0.20029614495606507,3,esn_matched,0.3396727108001403,0.6011867878023545
0.0,0.0013343466642303176,0.1,0.20029614495606507,4,serial_force,0.17670101782703737,0.709110661401785
0.0,0.0013343466642303176,0.1,0.20029614495606507,4,esn_matched,0.349282414652969,0.628337417548411
0.0,0.0013343466642303176,0.1,0.20029614495606507,5,serial_force,0.2606547759383776,0.6843881171987765
0.0,0.0013343466642303176,0.1,0.20029614495606507,5,esn_matched,0.34567515796238,0.5994333377205288
0.0,0.0013343466642303176,0.1,0.20029614495606507,6,serial_force,0.2717015763264291,0.6802829401658327
0.0,0.0013343466642303176,0.1,0.20029614495606507,6,esn_matched,0.3590553027942417,0.5247378527868666
0.0,0.0013343466642303176,0.18,0.3551265534709498,1,serial_force,0.1780894358688762,0.7116922998828922
0.0,0.0013343466642303176,0.18,0.3551265534709498,1,esn_matched,0.32445643777621436,0.6240119524598738
0.0,0.0013343466642303176,0.18,0.3551265534709498,2,serial_force,0.17973080857949364,0.6765734916987055
0.0,0.0013343466642303176,0.18,0.3551265534709498,2,esn_matched,0.34244300597842303,0.5804017805052211
0.0,0.0013343466642303176,0.18,0.3551265534709498,3,serial_force,0.18681297455231147,0.6885628389273805
0.0,0.0013343466642303176,0.18,0.3551265534709498,3,esn_matched,0.3396727108001403,0.6197008988885498
0.0,0.0013343466642303176,0.18,0.3551265534709498,4,serial_force,0.17670101782703737,0.7105991268144429
0.0,0.0013343466642303176,0.18,0.3551265534709498,4,esn_matched,0.349282414652969,0.6440197825997438
0.0,0.0013343466642303176,0.18,0.3551265534709498,5,serial_force,0.2606547759383776,0.6839489690666457
0.0,0.0013343466642303176,0.18,0.3551265534709498,5,esn_matched,0.34567515796238,0.6146892896284298
0.0,0.0013343466642303176,0.18,0.3551265534709498,6,serial_force,0.2717015763264291,0.6792446868354921
0.0,0.0013343466642303176,0.18,0.3551265534709498,6,esn_matched,0.3590553027942417,0.5434178272477675
0.0,0.0013343466642303176,0.3,0.5870151327524181,1,serial_force,0.1780894358688762,0.7181247720934045
0.0,0.0013343466642303176,0.3,0.5870151327524181,1,esn_matched,0.32445643777621436,0.6609417621897782
0.0,0.0013343466642303176,0.3,0.5870151327524181,2,serial_force,0.17973080857949364,0.6811560324716452
0.0,0.0013343466642303176,0.3,0.5870151327524181,2,esn_matched,0.34244300597842303,0.6149119300697091
0.0,0.0013343466642303176,0.3,0.5870151327524181,3,serial_force,0.18681297455231147,0.7002444419718359
0.0,0.0013343466642303176,0.3,0.5870151327524181,3,esn_matched,0.3396727108001403,0.6581966046645884
0.0,0.0013343466642303176,0.3,0.5870151327524181,4,serial_force,0.17670101782703737,0.716229174463338
0.0,0.0013343466642303176,0.3,0.5870151327524181,4,esn_matched,0.349282414652969,0.6772531792936989
0.0,0.0013343466642303176,0.3,0.5870151327524181,5,serial_force,0.2606547759383776,0.6869153660204157
0.0,0.0013343466642303176,0.3,0.5870151327524181,5,esn_matched,0.34567515796238,0.6464687061131464
0.0,0.0013343466642303176,0.3,0.5870151327524181,6,serial_force,0.2717015763264291,0.6812153037743852
0.0,0.0013343466642303176,0.3,0.5870151327524181,6,esn_matched,0.3590553027942417,0.5846001072897645
0.0,0.0013343466642303176,0.5,0.9755781078444663,1,serial_force,0.1780894358688762,0.7344445413021816
0.0,0.0013343466642303176,0.5,0.9755781078444663,1,esn_matched,0.32445643777621436,0.7404209938239844
0.0,0.0013343466642303176,0.5,0.9755781078444663,2,serial_force,0.17973080857949364,0.6962084165606358
0.0,0.0013343466642303176,0.5,0.9755781078444663,2,esn_matched,0.34244300597842303,0.6898138748870113
0.0,0.0013343466642303176,0.5,0.9755781078444663,3,serial_force,0.18681297455231147,0.7240124375281464
0.0,0.0013343466642303176,0.5,0.9755781078444663,3,esn_matched,0.3396727108001403,0.7385817151224978
0.0,0.0013343466642303176,0.5,0.9755781078444663,4,serial_force,0.17670101782703737,0.7328366163863297
0.0,0.0013343466642303176,0.5,0.9755781078444663,4,esn_matched,0.349282414652969,0.7481322386118356
0.0,0.0013343466642303176,0.5,0.9755781078444663,5,serial_force,0.2606547759383776,0.7000730397722517
0.0,0.0013343466642303176,0.5,0.9755781078444663,5,esn_matched,0.34567515796238,0.7134492453915555
0.0,0.0013343466642303176,0.5,0.9755781078444663,6,serial_force,0.2717015763264291,0.6926566152049012
0.0,0.0013343466642303176,0.5,0.9755781078444663,6,esn_matched,0.3590553027942417,0.6729341350784568
0.0,0.0013343466642303176,1.0,1.9366064055309213,1,serial_force,0.1780894358688762,0.7828455100584116
0.0,0.0013343466642303176,1.0,1.9366064055309213,1,esn_matched,0.32445643777621436,0.9317774002552711
0.0,0.0013343466642303176,1.0,1.9366064055309213,2,serial_force,0.17973080857949364,0.7481321015058928
0.0,0.0013343466642303176,1.0,1.9366064055309213,2,esn_matched,0.34244300597842303,0.8711406945643699
0.0,0.0013343466642303176,1.0,1.9366064055309213,3,serial_force,0.18681297455231147,0.7815399924123441
0.0,0.0013343466642303176,1.0,1.9366064055309213,3,esn_matched,0.3396727108001403,0.9273941579684504
0.0,0.0013343466642303176,1.0,1.9366064055309213,4,serial_force,0.17670101782703737,0.7869603241893656
0.0,0.0013343466642303176,1.0,1.9366064055309213,4,esn_matched,0.349282414652969,0.9191483098838013
0.0,0.0013343466642303176,1.0,1.9366064055309213,5,serial_force,0.2606547759383776,0.7512984658512256
0.0,0.0013343466642303176,1.0,1.9366064055309213,5,esn_matched,0.34567515796238,0.8736075006263059
0.0,0.0013343466642303176,1.0,1.9366064055309213,6,serial_force,0.2717015763264291,0.7407203107797303
0.0,0.0013343466642303176,1.0,1.9366064055309213,6,esn_matched,0.3590553027942417,0.8815508746742875
0.15,0.006442689499030683,0.1,0.20029614495606507,1,serial_force,0.17599699627154636,0.7183789341053942
0.15,0.006442689499030683,0.1,0.20029614495606507,1,esn_matched,0.3314293854490749,0.6150491426910489
0.15,0.006442689499030683,0.1,0.20029614495606507,2,serial_force,0.17788126725865677,0.6845504631623508
0.15,0.006442689499030683,0.1,0.20029614495606507,2,esn_matched,0.33837240961902937,0.5856519056740018
0.15,0.006442689499030683,0.1,0.20029614495606507,3,serial_force,0.18285408658458738,0.687067177632479
0.15,0.006442689499030683,0.1,0.20029614495606507,3,esn_matched,0.3406475658473838,0.5905282413104113
0.15,0.006442689499030683,0.1,0.20029614495606507,4,serial_force,0.17155155012195378,0.7084962895451524
0.15,0.006442689499030683,0.1,0.20029614495606507,4,esn_matched,0.3399251383695972,0.630145538545278
0.15,0.006442689499030683,0.1,0.20029614495606507,5,serial_force,0.2593052482108507,0.6831469694567864
0.15,0.006442689499030683,0.1,0.20029614495606507,5,esn_matched,0.34630549104393654,0.5911460710847062
0.15,0.006442689499030683,0.1,0.20029614495606507,6,serial_force,0.27769255244328145,0.6872357262189341
0.15,0.006442689499030683,0.1,0.20029614495606507,6,esn_matched,0.37006462440046517,0.5387942664602128
0.15,0.006442689499030683,0.18,0.3551265534709498,1,serial_force,0.17599699627154636,0.7213280781189684
0.15,0.006442689499030683,0.18,0.3551265534709498,1,esn_matched,0.3314293854490749,0.632579388951939
0.15,0.006442689499030683,0.18,0.3551265534709498,2,serial_force,0.17788126725865677,0.6862627900241627
0.15,0.006442689499030683,0.18,0.3551265534709498,2,esn_matched,0.33837240961902937,0.6021669859126952
0.15,0.006442689499030683,0.18,0.3551265534709498,3,serial_force,0.18285408658458738,0.6932962626780119
0.15,0.006442689499030683,0.18,0.3551265534709498,3,esn_matched,0.3406475658473838,0.6102194339626371
0.15,0.006442689499030683,0.18,0.3551265534709498,4,serial_force,0.17155155012195378,0.7102204524841339
0.15,0.006442689499030683,0.18,0.3551265534709498,4,esn_matched,0.3399251383695972,0.6462839616702701
0.15,0.006442689499030683,0.18,0.3551265534709498,5,serial_force,0.2593052482108507,0.6824411555989135
0.15,0.006442689499030683,0.18,0.3551265534709498,5,esn_matched,0.34630549104393654,0.6040774119693675
0.15,0.006442689499030683,0.18,0.3551265534709498,6,serial_force,0.27769255244328145,0.6854492510279535
0.15,0.006442689499030683,0.18,0.3551265534709498,6,esn_matched,0.37006462440046517,0.5559453011351518
0.15,0.006442689499030683,0.3,0.5870151327524181,1,serial_force,0.17599699627154636,0.7283053939126669
0.15,0.006442689499030683,0.3,0.5870151327524181,1,esn_matched,0.3314293854490749,0.6695363836174764
0.15,0.006442689499030683,0.3,0.5870151327524181,2,serial_force,0.17788126725865677,0.6920509045105249
0.15,0.006442689499030683,0.3,0.5870151327524181,2,esn_matched,0.33837240961902937,0.6367669251004994
0.15,0.006442689499030683,0.3,0.5870151327524181,3,serial_force,0.18285408658458738,0.7050813939265504
0.15,0.006442689499030683,0.3,0.5870151327524181,3,esn_matched,0.3406475658473838,0.6503825561678864
0.15,0.006442689499030683,0.3,0.5870151327524181,4,serial_force,0.17155155012195378,0.7161686198365522
0.15,0.006442689499030683,0.3,0.5870151327524181,4,esn_matched,0.3399251383695972,0.6797596486611385
0.15,0.006442689499030683,0.3,0.5870151327524181,5,serial_force,0.2593052482108507,0.6849961519363399
0.15,0.006442689499030683,0.3,0.5870151327524181,5,esn_matched,0.34630549104393654,0.6326043365124084
0.15,0.006442689499030683,0.3,0.5870151327524181,6,serial_force,0.27769255244328145,0.686183329504701
0.15,0.006442689499030683,0.3,0.5870151327524181,6,esn_matched,0.37006462440046517,0.5945186942987017
0.15,0.006442689499030683,0.5,0.9755781078444663,1,serial_force,0.17599699627154636,0.7449630565579883
0.15,0.006442689499030683,0.5,0.9755781078444663,1,esn_matched,0.3314293854490749,0.7476459682719763
0.15,0.006442689499030683,0.5,0.9755781078444663,2,serial_force,0.17788126725865677,0.7084689144411063
0.15,0.006442689499030683,0.5,0.9755781078444663,2,esn_matched,0.33837240961902937,0.7096420893532349
0.15,0.006442689499030683,0.5,0.9755781078444663,3,serial_force,0.18285408658458738,0.728714372557443
0.15,0.006442689499030683,0.5,0.9755781078444663,3,esn_matched,0.3406475658473838,0.7329129317963194
0.15,0.006442689499030683,0.5,0.9755781078444663,4,serial_force,0.17155155012195378,0.73316684250556
0.15,0.006442689499030683,0.5,0.9755781078444663,4,esn_matched,0.3399251383695972,0.7500949817152377
0.15,0.006442689499030683,0.5,0.9755781078444663,5,serial_force,0.2593052482108507,0.6975109478916602
0.15,0.006442689499030683,0.5,0.9755781078444663,5,esn_matched,0.34630549104393654,0.6952975777833806
0.15,0.006442689499030683,0.5,0.9755781078444663,6,serial_force,0.27769255244328145,0.6955063243306402
0.15,0.006442689499030683,0.5,0.9755781078444663,6,esn_matched,0.37006462440046517,0.6786693558496089
0.15,0.006442689499030683,1.0,1.9366064055309213,1,serial_force,0.17599699627154636,0.792133224042435
0.15,0.006442689499030683,1.0,1.9366064055309213,1,esn_matched,0.3314293854490749,0.933408183072929
0.15,0.006442689499030683,1.0,1.9366064055309213,2,serial_force,0.17788126725865677,0.7607335160614993
0.15,0.006442689499030683,1.0,1.9366064055309213,2,esn_matched,0.33837240961902937,0.8826894732730731
0.15,0.006442689499030683,1.0,1.9366064055309213,3,serial_force,0.18285408658458738,0.7850360183369115
0.15,0.006442689499030683,1.0,1.9366064055309213,3,esn_matched,0.3406475658473838,0.9237518026019487
0.15,0.006442689499030683,1.0,1.9366064055309213,4,serial_force,0.17155155012195378,0.7875146554290344
0.15,0.006442689499030683,1.0,1.9366064055309213,4,esn_matched,0.3399251383695972,0.917820410552931
0.15,0.006442689499030683,1.0,1.9366064055309213,5,serial_force,0.2593052482108507,0.7477446428831768
0.15,0.006442689499030683,1.0,1.9366064055309213,5,esn_matched,0.34630549104393654,0.8506946348830572
0.15,0.006442689499030683,1.0,1.9366064055309213,6,serial_force,0.27769255244328145,0.7397288666413094
0.15,0.006442689499030683,1.0,1.9366064055309213,6,esn_matched,0.37006462440046517,0.8808105096572113
0.3,0.017776575545030607,0.1,0.20029614495606507,1,serial_force,0.17852913822667357,0.7339918944463145
0.3,0.017776575545030607,0.1,0.20029614495606507,1,esn_matched,0.3381534970070215,0.6500272754604796
0.3,0.017776575545030607,0.1,0.20029614495606507,2,serial_force,0.17680138179545538,0.7013029066109644
0.3,0.017776575545030607,0.1,0.20029614495606507,2,esn_matched,0.33023523988890485,0.6204559674673523
0.3,0.017776575545030607,0.1,0.20029614495606507,3,serial_force,0.18293783766825608,0.6992680229285899
0.3,0.017776575545030607,0.1,0.20029614495606507,3,esn_matched,0.33853901111314755,0.6040384938984151
0.3,0.017776575545030607,0.1,0.20029614495606507,4,serial_force,0.1671925423418736,0.7149546264552229
0.3,0.017776575545030607,0.1,0.20029614495606507,4,esn_matched,0.3243462200972291,0.6648831799986128
0.3,0.017776575545030607,0.1,0.20029614495606507,5,serial_force,0.2583487530203722,0.685270351623481
0.3,0.017776575545030607,0.1,0.20029614495606507,5,esn_matched,0.3500690217322995,0.617549848879469
0.3,0.017776575545030607,0.1,0.20029614495606507,6,serial_force,0.2870103421927389,0.6990552399771987
0.3,0.017776575545030607,0.1,0.20029614495606507,6,esn_matched,0.373589026690579,0.6005627111710378
0.3,0.017776575545030607,0.18,0.3551265534709498,1,serial_force,0.17852913822667357,0.7370381032270023
0.3,0.017776575545030607,0.18,0.3551265534709498,1,esn_matched,0.3381534970070215,0.667929808015247
0.3,0.017776575545030607,0.18,0.3551265534709498,2,serial_force,0.17680138179545538,0.7035939907335137
0.3,0.017776575545030607,0.18,0.3551265534709498,2,esn_matched,0.33023523988890485,0.6369873385069431
0.3,0.017776575545030607,0.18,0.3551265534709498,3,serial_force,0.18293783766825608,0.7048135854101152
0.3,0.017776575545030607,0.18,0.3551265534709498,3,esn_matched,0.33853901111314755,0.6225886267907536
0.3,0.017776575545030607,0.18,0.3551265534709498,4,serial_force,0.1671925423418736,0.7164384241492151
0.3,0.017776575545030607,0.18,0.3551265534709498,4,esn_matched,0.3243462200972291,0.6799307561896245
0.3,0.017776575545030607,0.18,0.3551265534709498,5,serial_force,0.2583487530203722,0.6839611447162216
0.3,0.017776575545030607,0.18,0.3551265534709498,5,esn_matched,0.3500690217322995,0.6270671512382054
0.3,0.017776575545030607,0.18,0.3551265534709498,6,serial_force,0.2870103421927389,0.6961152358101387
0.3,0.017776575545030607,0.18,0.3551265534709498,6,esn_matched,0.373589026690579,0.6111390546148809
0.3,0.017776575545030607,0.3,0.5870151327524181,1,serial_force,0.17852913822667357,0.7439299644216769
0.3,0.017776575545030607,0.3,0.5870151327524181,1,esn_matched,0.3381534970070215,0.7038939874002323
0.3,0.017776575545030607,0.3,0.5870151327524181,2,serial_force,0.17680138179545538,0.7099923955894534
0.3,0.017776575545030607,0.3,0.5870151327524181,2,esn_matched,0.33023523988890485,0.6704707275148433
0.3,0.017776575545030607,0.3,0.5870151327524181,3,serial_force,0.18293783766825608,0.7154589077290974
0.3,0.017776575545030607,0.3,0.5870151327524181,3,esn_matched,0.33853901111314755,0.6595163882182058
0.3,0.017776575545030607,0.3,0.5870151327524181,4,serial_force,0.1671925423418736,0.7219568439599595
0.3,0.017776575545030607,0.3,0.5870151327524181,4,esn_matched,0.3243462200972291,0.7104851639973911
0.3,0.017776575545030607,0.3,0.5870151327524181,5,serial_force,0.2583487530203722,0.6856392234464638
0.3,0.017776575545030607,0.3,0.5870151327524181,5,esn_matched,0.3500690217322995,0.6492783892617812
0.3,0.017776575545030607,0.3,0.5870151327524181,6,serial_force,0.2870103421927389,0.6949609321629783
0.3,0.017776575545030607,0.3,0.5870151327524181,6,esn_matched,0.373589026690579,0.6371207919303133
0.3,0.017776575545030607,0.5,0.9755781078444663,1,serial_force,0.17852913822667357,0.759926636308519
0.3,0.017776575545030607,0.5,0.9755781078444663,1,esn_matched,0.3381534970070215,0.77763602321948
0.3,0.017776575545030607,0.5,0.9755781078444663,2,serial_force,0.17680138179545538,0.7267340869437545
0.3,0.017776575545030607,0.5,0.9755781078444663,2,esn_matched,0.33023523988890485,0.7396054559849424
0.3,0.017776575545030607,0.5,0.9755781078444663,3,serial_force,0.18293783766825608,0.7371164984079839
0.3,0.017776575545030607,0.5,0.9755781078444663,3,esn_matched,0.33853901111314755,0.7344369160694545
0.3,0.017776575545030607,0.5,0.9755781078444663,4,serial_force,0.1671925423418736,0.7381595101644469
0.3,0.017776575545030607,0.5,0.9755781078444663,4,esn_matched,0.3243462200972291,0.7740538707066189
0.3,0.017776575545030607,0.5,0.9755781078444663,5,serial_force,0.2583487530203722,0.6969257589084
0.3,0.017776575545030607,0.5,0.9755781078444663,5,esn_matched,0.3500690217322995,0.700403904271947
0.3,0.017776575545030607,0.5,0.9755781078444663,6,serial_force,0.2870103421927389,0.701097478981535
0.3,0.017776575545030607,0.5,0.9755781078444663,6,esn_matched,0.373589026690579,0.6982404697611031
0.3,0.017776575545030607,1.0,1.9366064055309213,1,serial_force,0.17852913822667357,0.8042323973349669
0.3,0.017776575545030607,1.0,1.9366064055309213,1,esn_matched,0.3381534970070215,0.9496276876155636
0.3,0.017776575545030607,1.0,1.9366064055309213,2,serial_force,0.17680138179545538,0.7773654895959361
0.3,0.017776575545030607,1.0,1.9366064055309213,2,esn_matched,0.33023523988890485,0.9019685192158445
0.3,0.017776575545030607,1.0,1.9366064055309213,3,serial_force,0.18293783766825608,0.789612029736698
0.3,0.017776575545030607,1.0,1.9366064055309213,3,esn_matched,0.33853901111314755,0.9068046426531261
0.3,0.017776575545030607,1.0,1.9366064055309213,4,serial_force,0.1671925423418736,0.7908539869932688
0.3,0.017776575545030607,1.0,1.9366064055309213,4,esn_matched,0.3243462200972291,0.9255042836904258
0.3,0.017776575545030607,1.0,1.9366064055309213,5,serial_force,0.2583487530203722,0.7458023476961146
0.3,0.017776575545030607,1.0,1.9366064055309213,5,esn_matched,0.3500690217322995,0.8335641589878772
0.3,0.017776575545030607,1.0,1.9366064055309213,6,serial_force,0.2870103421927389,0.7397372609989354
0.3,0.017776575545030607,1.0,1.9366064055309213,6,esn_matched,0.373589026690579,0.8576973884116701
0.5,0.04027164060135726,0.1,0.20029614495606507,1,serial_force,0.19114905363356405,0.7599120458120975
0.5,0.04027164060135726,0.1,0.20029614495606507,1,esn_matched,0.33587598718557904,0.7196998048225172
0.5,0.04027164060135726,0.1,0.20029614495606507,2,serial_force,0.17733348571042942,0.7316157188742679
0.5,0.04027164060135726,0.1,0.20029614495606507,2,esn_matched,0.31934596018968986,0.6899826770787436
0.5,0.04027164060135726,0.1,0.20029614495606507,3,serial_force,0.19214388375437602,0.7233518031619217
0.5,0.04027164060135726,0.1,0.20029614495606507,3,esn_matched,0.33419524984241683,0.6510987250292105
0.5,0.04027164060135726,0.1,0.20029614495606507,4,serial_force,0.1640328848938283,0.7278144956341438
0.5,0.04027164060135726,0.1,0.20029614495606507,4,esn_matched,0.3118401017526978,0.734179015418102
0.5,0.04027164060135726,0.1,0.20029614495606507,5,serial_force,0.25920453653772296,0.6916362291893206
0.5,0.04027164060135726,0.1,0.20029614495606507,5,esn_matched,0.3597332740522771,0.7020929853986468
0.5,0.04027164060135726,0.1,0.20029614495606507,6,serial_force,0.3000248673297939,0.7170243524749919
0.5,0.04027164060135726,0.1,0.20029614495606507,6,esn_matched,0.36934679357406774,0.7000434681849683
0.5,0.04027164060135726,0.18,0.3551265534709498,1,serial_force,0.19114905363356405,0.762101492973701
0.5,0.04027164060135726,0.18,0.3551265534709498,1,esn_matched,0.33587598718557904,0.7378909440767849
0.5,0.04027164060135726,0.18,0.3551265534709498,2,serial_force,0.17733348571042942,0.733644679267451
0.5,0.04027164060135726,0.18,0.3551265534709498,2,esn_matched,0.31934596018968986,0.7056855613279588
0.5,0.04027164060135726,0.18,0.3551265534709498,3,serial_force,0.19214388375437602,0.7264349768688414
0.5,0.04027164060135726,0.18,0.3551265534709498,3,esn_matched,0.33419524984241683,0.6631359251694606
0.5,0.04027164060135726,0.18,0.3551265534709498,4,serial_force,0.1640328848938283,0.7279226776067715
0.5,0.04027164060135726,0.18,0.3551265534709498,4,esn_matched,0.3118401017526978,0.7484701469073188
0.5,0.04027164060135726,0.18,0.3551265534709498,5,serial_force,0.25920453653772296,0.6889223363513485
0.5,0.04027164060135726,0.18,0.3551265534709498,5,esn_matched,0.3597332740522771,0.7088155180883163
0.5,0.04027164060135726,0.18,0.3551265534709498,6,serial_force,0.3000248673297939,0.7118214874847244
0.5,0.04027164060135726,0.18,0.3551265534709498,6,esn_matched,0.36934679357406774,0.7002745949054358
0.5,0.04027164060135726,0.3,0.5870151327524181,1,serial_force,0.19114905363356405,0.7675427832413573
0.5,0.04027164060135726,0.3,0.5870151327524181,1,esn_matched,0.33587598718557904,0.7715092971236028
0.5,0.04027164060135726,0.3,0.5870151327524181,2,serial_force,0.17733348571042942,0.7393700984571366
0.5,0.04027164060135726,0.3,0.5870151327524181,2,esn_matched,0.31934596018968986,0.7358786591290425
0.5,0.04027164060135726,0.3,0.5870151327524181,3,serial_force,0.19214388375437602,0.7334204240725051
0.5,0.04027164060135726,0.3,0.5870151327524181,3,esn_matched,0.33419524984241683,0.6879443746626835
0.5,0.04027164060135726,0.3,0.5870151327524181,4,serial_force,0.1640328848938283,0.7314670289119328
0.5,0.04027164060135726,0.3,0.5870151327524181,4,esn_matched,0.3118401017526978,0.7755886190559457
0.5,0.04027164060135726,0.3,0.5870151327524181,5,serial_force,0.25920453653772296,0.6886990354649403
0.5,0.04027164060135726,0.3,0.5870151327524181,5,esn_matched,0.3597332740522771,0.7237463217965212
0.5,0.04027164060135726,0.3,0.5870151327524181,6,serial_force,0.3000248673297939,0.7071463044223785
0.5,0.04027164060135726,0.3,0.5870151327524181,6,esn_matched,0.36934679357406774,0.7066108364094512
0.5,0.04027164060135726,0.5,0.9755781078444663,1,serial_force,0.19114905363356405,0.7809836447036242
0.5,0.04027164060135726,0.5,0.9755781078444663,1,esn_matched,0.33587598718557904,0.8363365761590031
0.5,0.04027164060135726,0.5,0.9755781078444663,2,serial_force,0.17733348571042942,0.754475341994418
0.5,0.04027164060135726,0.5,0.9755781078444663,2,esn_matched,0.31934596018968986,0.7962080090544943
0.5,0.04027164060135726,0.5,0.9755781078444663,3,serial_force,0.19214388375437602,0.7496610005151609
0.5,0.04027164060135726,0.5,0.9755781078444663,3,esn_matched,0.33419524984241683,0.7404808431782582
0.5,0.04027164060135726,0.5,0.9755781078444663,4,serial_force,0.1640328848938283,0.7449652387500061
0.5,0.04027164060135726,0.5,0.9755781078444663,4,esn_matched,0.3118401017526978,0.8294119057649338
0.5,0.04027164060135726,0.5,0.9755781078444663,5,serial_force,0.25920453653772296,0.6976978561809444
0.5,0.04027164060135726,0.5,0.9755781078444663,5,esn_matched,0.3597332740522771,0.7575806407806822
0.5,0.04027164060135726,0.5,0.9755781078444663,6,serial_force,0.3000248673297939,0.7077656214962238
0.5,0.04027164060135726,0.5,0.9755781078444663,6,esn_matched,0.36934679357406774,0.7303790681709954
0.5,0.04027164060135726,1.0,1.9366064055309213,1,serial_force,0.19114905363356405,0.8202470891784297
0.5,0.04027164060135726,1.0,1.9366064055309213,1,esn_matched,0.33587598718557904,0.9800172710943995
0.5,0.04027164060135726,1.0,1.9366064055309213,2,serial_force,0.17733348571042942,0.8005626530670078
0.5,0.04027164060135726,1.0,1.9366064055309213,2,esn_matched,0.31934596018968986,0.9349465811774188
0.5,0.04027164060135726,1.0,1.9366064055309213,3,serial_force,0.19214388375437602,0.7945960035538064
0.5,0.04027164060135726,1.0,1.9366064055309213,3,esn_matched,0.33419524984241683,0.8684099420248101
0.5,0.04027164060135726,1.0,1.9366064055309213,4,serial_force,0.1640328848938283,0.794858612054132
0.5,0.04027164060135726,1.0,1.9366064055309213,4,esn_matched,0.3118401017526978,0.9531683530145748
0.5,0.04027164060135726,1.0,1.9366064055309213,5,serial_force,0.25920453653772296,0.74562502440893
0.5,0.04027164060135726,1.0,1.9366064055309213,5,esn_matched,0.3597332740522771,0.8469445987331058
0.5,0.04027164060135726,1.0,1.9366064055309213,6,serial_force,0.3000248673297939,0.7383099708529964
0.5,0.04027164060135726,1.0,1.9366064055309213,6,esn_matched,0.36934679357406774,0.8153681737577506
1.0,0.08554689823074148,0.1,0.20029614495606507,1,serial_force,0.21749209991938243,0.7770593993376222
1.0,0.08554689823074148,0.1,0.20029614495606507,1,esn_matched,0.3075635280806146,0.8130824830968924
1.0,0.08554689823074148,0.1,0.20029614495606507,2,serial_force,0.1835790162356189,0.7629641110763048
1.0,0.08554689823074148,0.1,0.20029614495606507,2,esn_matched,0.32471050818350067,0.8484576636033988
1.0,0.08554689823074148,0.1,0.20029614495606507,3,serial_force,0.2169708874247424,0.7439452051920252
1.0,0.08554689823074148,0.1,0.20029614495606507,3,esn_matched,0.3444357411549216,0.8116511962640668
1.0,0.08554689823074148,0.1,0.20029614495606507,4,serial_force,0.16516108226013682,0.7104108473507841
1.0,0.08554689823074148,0.1,0.20029614495606507,4,esn_matched,0.32760526340616125,0.8013577929904305
1.0,0.08554689823074148,0.1,0.20029614495606507,5,serial_force,0.26503479536591,0.6866270691153787
1.0,0.08554689823074148,0.1,0.20029614495606507,5,esn_matched,0.3663362287822999,0.8009466631351485
1.0,0.08554689823074148,0.1,0.20029614495606507,6,serial_force,0.31508347847440055,0.7209080428960972
1.0,0.08554689823074148,0.1,0.20029614495606507,6,esn_matched,0.38587982031864804,0.7896903891690432
1.0,0.08554689823074148,0.18,0.3551265534709498,1,serial_force,0.21749209991938243,0.7759294238199278
1.0,0.08554689823074148,0.18,0.3551265534709498,1,esn_matched,0.3075635280806146,0.8308073289895671
1.0,0.08554689823074148,0.18,0.3551265534709498,2,serial_force,0.1835790162356189,0.7630249906827204
1.0,0.08554689823074148,0.18,0.3551265534709498,2,esn_matched,0.32471050818350067,0.8584318310798259
1.0,0.08554689823074148,0.18,0.3551265534709498,3,serial_force,0.2169708874247424,0.7413086292243225
1.0,0.08554689823074148,0.18,0.3551265534709498,3,esn_matched,0.3444357411549216,0.8187181026728138
1.0,0.08554689823074148,0.18,0.3551265534709498,4,serial_force,0.16516108226013682,0.7075449113836046
1.0,0.08554689823074148,0.18,0.3551265534709498,4,esn_matched,0.32760526340616125,0.8172041410647413
1.0,0.08554689823074148,0.18,0.3551265534709498,5,serial_force,0.26503479536591,0.681248444987616
1.0,0.08554689823074148,0.18,0.3551265534709498,5,esn_matched,0.3663362287822999,0.8057258838371676
1.0,0.08554689823074148,0.18,0.3551265534709498,6,serial_force,0.31508347847440055,0.7107723107187072
1.0,0.08554689823074148,0.18,0.3551265534709498,6,esn_matched,0.38587982031864804,0.7906802254249988
1.0,0.08554689823074148,0.3,0.5870151327524181,1,serial_force,0.21749209991938243,0.7770224038629009
1.0,0.08554689823074148,0.3,0.5870151327524181,1,esn_matched,0.3075635280806146,0.8586897222196264
1.0,0.08554689823074148,0.3,0.5870151327524181,2,serial_force,0.1835790162356189,0.7660536521818511
1.0,0.08554689823074148,0.3,0.5870151327524181,2,esn_matched,0.32471050818350067,0.8744375831618751
1.0,0.08554689823074148,0.3,0.5870151327524181,3,serial_force,0.2169708874247424,0.740584923130003
1.0,0.08554689823074148,0.3,0.5870151327524181,3,esn_matched,0.3444357411549216,0.8306284214786882
1.0,0.08554689823074148,0.3,0.5870151327524181,4,serial_force,0.16516108226013682,0.7080881998883566
1.0,0.08554689823074148,0.3,0.5870151327524181,4,esn_matched,0.32760526340616125,0.8441726673127425
1.0,0.08554689823074148,0.3,0.5870151327524181,5,serial_force,0.26503479536591,0.6781034803369284
1.0,0.08554689823074148,0.3,0.5870151327524181,5,esn_matched,0.3663362287822999,0.8133321134756667
1.0,0.08554689823074148,0.3,0.5870151327524181,6,serial_force,0.31508347847440055,0.699257436677648
1.0,0.08554689823074148,0.3,0.5870151327524181,6,esn_matched,0.38587982031864804,0.7948364184846642
1.0,0.08554689823074148,0.5,0.9755781078444663,1,serial_force,0.21749209991938243,0.7855464837136902
1.0,0.08554689823074148,0.5,0.9755781078444663,1,esn_matched,0.3075635280806146,0.9041225200669284
1.0,0.08554689823074148,0.5,0.9755781078444663,2,serial_force,0.1835790162356189,0.7778317405161936
1.0,0.08554689823074148,0.5,0.9755781078444663,2,esn_matched,0.32471050818350067,0.9012676903861255
1.0,0.08554689823074148,0.5,0.9755781078444663,3,serial_force,0.2169708874247424,0.7474909158527283
1.0,0.08554689823074148,0.5,0.9755781078444663,3,esn_matched,0.3444357411549216,0.851869716025034
1.0,0.08554689823074148,0.5,0.9755781078444663,4,serial_force,0.16516108226013682,0.7208215165908219
1.0,0.08554689823074148,0.5,0.9755781078444663,4,esn_matched,0.32760526340616125,0.8924604992345132
1.0,0.08554689823074148,0.5,0.9755781078444663,5,serial_force,0.26503479536591,0.6856299924824084
1.0,0.08554689823074148,0.5,0.9755781078444663,5,esn_matched,0.3663362287822999,0.8259649449438432
1.0,0.08554689823074148,0.5,0.9755781078444663,6,serial_force,0.31508347847440055,0.6913603776725105
1.0,0.08554689823074148,0.5,0.9755781078444663,6,esn_matched,0.38587982031864804,0.8076584088495135
1.0,0.08554689823074148,1.0,1.9366064055309213,1,serial_force,0.21749209991938243,0.8241051142090122
1.0,0.08554689823074148,1.0,1.9366064055309213,1,esn_matched,0.3075635280806146,0.9834451648611803
1.0,0.08554689823074148,1.0,1.9366064055309213,2,serial_force,0.1835790162356189,0.8220362270800362
1.0,0.08554689823074148,1.0,1.9366064055309213,2,esn_matched,0.32471050818350067,0.9503082273022084
1.0,0.08554689823074148,1.0,1.9366064055309213,3,serial_force,0.2169708874247424,0.7880706776102173
1.0,0.08554689823074148,1.0,1.9366064055309213,3,esn_matched,0.3444357411549216,0.8948914835930505
1.0,0.08554689823074148,1.0,1.9366064055309213,4,serial_force,0.16516108226013682,0.7834229043913609
1.0,0.08554689823074148,1.0,1.9366064055309213,4,esn_matched,0.32760526340616125,0.9902654806505009
1.0,0.08554689823074148,1.0,1.9366064055309213,5,serial_force,0.26503479536591,0.7427844500388873
1.0,0.08554689823074148,1.0,1.9366064055309213,5,esn_matched,0.3663362287822999,0.8485989471699867
1.0,0.08554689823074148,1.0,1.9366064055309213,6,serial_force,0.31508347847440055,0.7187896266766506
1.0,0.08554689823074148,1.0,1.9366064055309213,6,esn_matched,0.38587982031864804,0.8508862340149431
