waveform,theta,seed,architecture,nrmse_slow,nrmse_fast
sinusoid,0.2,1,serial_force,0.17809840610819494,0.7828743532675141
sinusoid,0.2,1,parallel,0.1950330179261795,0.8682504376842597
sinusoid,0.2,2,serial_force,0.17971290089446584,0.7480738896010529
sinusoid,0.2,2,parallel,0.263412063155176,0.8453699933186462
sinusoid,0.2,3,serial_force,0.1867935627187685,0.7815272564253245
sinusoid,0.2,3,parallel,0.1977031858655112,0.860247928989373
sinusoid,0.2,4,serial_force,0.17671290270464265,0.7869586799958621
sinusoid,0.2,4,parallel,0.20498682006795266,0.8657645482653263
sinusoid,0.2,5,serial_force,0.26065881986349404,0.7512602997095167
sinusoid,0.2,5,parallel,0.2875873025632092,0.8498739827859902
sinusoid,0.2,6,serial_force,0.27172194137240585,0.7407046971724875
sinusoid,0.2,6,parallel,0.24811330400962356,0.8358403337325481
sinusoid,0.4,1,serial_force,0.16312396732935502,0.7664260581646819
sinusoid,0.4,1,parallel,0.194711885249834,0.861798372611224
sinusoid,0.4,2,serial_force,0.18719599596779748,0.7314617763368587
sinusoid,0.4,2,parallel,0.26321685020046454,0.8523873181056416
sinusoid,0.4,3,serial_force,0.19396592658506093,0.7693800683464157
sinusoid,0.4,3,parallel,0.19793243275245345,0.8564570641367785
sinusoid,0.4,4,serial_force,0.21391922938886188,0.7798509635746572
sinusoid,0.4,4,parallel,0.20500800178913112,0.8643417254110207
sinusoid,0.4,5,serial_force,0.259084334063255,0.7261475323466778
sinusoid,0.4,5,parallel,0.2871005489756274,0.8421446752429168
sinusoid,0.4,6,serial_force,0.27493886601185114,0.6891638015025662
sinusoid,0.4,6,parallel,0.24787803063387653,0.8201604270907051
sinusoid,0.8,1,serial_force,0.196285570401893,0.7350992870637866
sinusoid,0.8,1,parallel,0.19519958123901412,0.8235640447736023
sinusoid,0.8,2,serial_force,0.2220191724470362,0.7443479534955895
sinusoid,0.8,2,parallel,0.26398009791609217,0.849637460993029
sinusoid,0.8,3,serial_force,0.29271315457724256,0.7783438712837298
sinusoid,0.8,3,parallel,0.1984855547051427,0.8369507127651065
sinusoid,0.8,4,serial_force,0.29936356497121436,0.7773996748988403
sinusoid,0.8,4,parallel,0.20505876508405477,0.8416931504256342
sinusoid,0.8,5,serial_force,0.369758043179617,0.6907714170759123
sinusoid,0.8,5,parallel,0.28740245167512163,0.790733577153651
sinusoid,0.8,6,serial_force,0.27887042304447335,0.6811856503038942
sinusoid,0.8,6,parallel,0.24805982727107814,0.7855109959142803
sinusoid,1.5,1,serial_force,0.5211194838510234,0.828268861803748
sinusoid,1.5,1,parallel,0.19768078861548102,0.8842857708223103
sinusoid,1.5,2,serial_force,0.37325119788480465,0.792982971817377
sinusoid,1.5,2,parallel,0.2660340821599501,0.8589878648255633
sinusoid,1.5,3,serial_force,0.6354558464863808,0.8679911964266324
sinusoid,1.5,3,parallel,0.2003299750416394,0.8760567284045431
sinusoid,1.5,4,serial_force,0.564107844482325,0.8450440345458896
sinusoid,1.5,4,parallel,0.20656803376189609,0.8739832321066299
sinusoid,1.5,5,serial_force,0.5412625055724898,0.7690898498023294
sinusoid,1.5,5,parallel,0.28980477526527265,0.8245536465513427
sinusoid,1.5,6,serial_force,0.5294706753707015,0.7505474355756224
sinusoid,1.5,6,parallel,0.2502020935061047,0.8417001807187987
sinusoid,3.0,1,serial_force,0.31855489554942595,0.8157359142153541
sinusoid,3.0,1,parallel,0.19613671862520576,0.8713433243801672
sinusoid,3.0,2,serial_force,0.2305460011863932,0.7575573183810204
sinusoid,3.0,2,parallel,0.2643718390176783,0.8305829598678327
sinusoid,3.0,3,serial_force,0.4691654644135698,0.8211751152578364
sinusoid,3.0,3,parallel,0.1990154775392168,0.8695596335380625
sinusoid,3.0,4,serial_force,0.2901102712378497,0.7868878368006543
sinusoid,3.0,4,parallel,0.20518537320931124,0.8704770348269725
sinusoid,3.0,5,serial_force,0.3123062969752985,0.7411396550238294
sinusoid,3.0,5,parallel,0.28783953531431977,0.8321644227310342
sinusoid,3.0,6,serial_force,0.2566091472076167,0.6864497915508956
sinusoid,3.0,6,parallel,0.24802068559730334,0.8182554081694544
sinusoid,6.0,1,serial_force,0.18215478221703352,0.8225263283045826
sinusoid,6.0,1,parallel,0.19493679805373434,0.8728678784854169
sinusoid,6.0,2,serial_force,0.21436265681764727,0.8117717331258945
sinusoid,6.0,2,parallel,0.2637075819936646,0.8399188893538139
sinusoid,6.0,3,serial_force,0.23950695436770117,0.8508022321882565
sinusoid,6.0,3,parallel,0.19813645630888213,0.8568473979458576
sinusoid,6.0,4,serial_force,0.22394402037760988,0.8396690047448561
sinusoid,6.0,4,parallel,0.2051005707447647,0.8602292624874528
sinusoid,6.0,5,serial_force,0.29608789551477765,0.8273765977657996
sinusoid,6.0,5,parallel,0.28699239000813925,0.8487832290878095
sinusoid,6.0,6,serial_force,0.25785147715538165,0.803580568198433
sinusoid,6.0,6,parallel,0.247818790295983,0.8213671828066185
broadband,0.2,1,serial_force,0.21749209991932716,0.8241051142093332
broadband,0.2,1,parallel,0.20607333232815084,0.9334176856027117
broadband,0.2,2,serial_force,0.1835790162356095,0.8220362270799673
broadband,0.2,2,parallel,0.20703089836344887,0.9286905766890461
broadband,0.2,3,serial_force,0.2169708874252038,0.7880706776096916
broadband,0.2,3,parallel,0.1617469979527735,0.8958613767107012
broadband,0.2,4,serial_force,0.1651610822600439,0.7834229043913751
broadband,0.2,4,parallel,0.16923153967447027,0.9160628211268149
broadband,0.2,5,serial_force,0.2650347953655402,0.7427844500388991
broadband,0.2,5,parallel,0.2536462980627368,0.8537013880369964
broadband,0.2,6,serial_force,0.3150834784743656,0.7187896266759902
broadband,0.2,6,parallel,0.29063408320314343,0.8626967035800599
broadband,0.4,1,serial_force,0.20568155105858799,0.8184786938168309
broadband,0.4,1,parallel,0.20482657189129228,0.912563664854153
broadband,0.4,2,serial_force,0.18259648108857893,0.806981260545289
broadband,0.4,2,parallel,0.2063992752340011,0.9045661065386844
broadband,0.4,3,serial_force,0.24475379462470156,0.7746552344418779
broadband,0.4,3,parallel,0.1621264309952531,0.853361035789503
broadband,0.4,4,serial_force,0.18313616923117954,0.7801208419296121
broadband,0.4,4,parallel,0.1693431189377695,0.8719878631247204
broadband,0.4,5,serial_force,0.27027523582361634,0.7111690910159736
broadband,0.4,5,parallel,0.2528840431078678,0.8273760834474266
broadband,0.4,6,serial_force,0.31848998600263245,0.6895233326774377
broadband,0.4,6,parallel,0.28976535009141835,0.8224416768655326
broadband,0.8,1,serial_force,0.2088319020750023,0.7900125185591818
broadband,0.8,1,parallel,0.20691876555465757,0.8468571595083773
broadband,0.8,2,serial_force,0.21686971270611013,0.7807258676137011
broadband,0.8,2,parallel,0.2076715480604139,0.8499040163782832
broadband,0.8,3,serial_force,0.35684873899391323,0.7705784112928116
broadband,0.8,3,parallel,0.16267258483347533,0.8217583575829376
broadband,0.8,4,serial_force,0.2308820243791794,0.7704340313636511
broadband,0.8,4,parallel,0.16959669243945164,0.8324307461642241
broadband,0.8,5,serial_force,0.4038745537283652,0.6611331691325034
broadband,0.8,5,parallel,0.25320885581138464,0.7552886175811467
broadband,0.8,6,serial_force,0.3143321908985426,0.670845249855107
broadband,0.8,6,parallel,0.2903052933022348,0.762262483538334
broadband,1.5,1,serial_force,0.5448800592613707,0.8424315650458879
broadband,1.5,1,parallel,0.21189991856522755,0.8565961454605534
broadband,1.5,2,serial_force,0.3361289027844384,0.8135595930008366
broadband,1.5,2,parallel,0.21050608293212658,0.8464187920563492
broadband,1.5,3,serial_force,0.6160918302510421,0.8102249927421872
broadband,1.5,3,parallel,0.1633209346357297,0.8335981340452631
broadband,1.5,4,serial_force,0.5871927572545717,0.803488143170844
broadband,1.5,4,parallel,0.17169524393456456,0.8381296600206821
broadband,1.5,5,serial_force,0.571643321762786,0.6997446079349965
broadband,1.5,5,parallel,0.2553021132201246,0.7587668723486364
broadband,1.5,6,serial_force,0.5589661793006195,0.7236654100807939
broadband,1.5,6,parallel,0.29510878570125093,0.7944081755804244
broadband,3.0,1,serial_force,0.33494785521359816,0.8097019660732371
broadband,3.0,1,parallel,0.20838636444951703,0.8530243274824925
broadband,3.0,2,serial_force,0.22890326983631867,0.7880781078701464
broadband,3.0,2,parallel,0.20881626863822064,0.8549124765330687
broadband,3.0,3,serial_force,0.46397248454837736,0.7915441625494364
broadband,3.0,3,parallel,0.16344832877625645,0.8703885965461318
broadband,3.0,4,serial_force,0.3210787930855511,0.7964874206849284
broadband,3.0,4,parallel,0.16991442292396752,0.863075871969224
broadband,3.0,5,serial_force,0.31064767703768736,0.6949992196650896
broadband,3.0,5,parallel,0.2540161574244588,0.8151241448087085
broadband,3.0,6,serial_force,0.3127976865887948,0.6749664391998381
broadband,3.0,6,parallel,0.29027461947558614,0.816972502501323
broadband,6.0,1,serial_force,0.2215087318450477,0.9032468645467198
broadband,6.0,1,parallel,0.20501867155015044,0.9247950159785935
broadband,6.0,2,serial_force,0.22397736869965013,0.8847410475007769
broadband,6.0,2,parallel,0.20774170099403297,0.9078677409805826
broadband,6.0,3,serial_force,0.2540006278400205,0.8992947241610143
broadband,6.0,3,parallel,0.16206228032306264,0.907594435356721
broadband,6.0,4,serial_force,0.23060636816321306,0.8790677488274501
broadband,6.0,4,parallel,0.16947195060348658,0.9166807696132766
broadband,6.0,5,serial_force,0.293877390634334,0.8784716943093772
broadband,6.0,5,parallel,0.2520907533545474,0.8864225099164652
broadband,6.0,6,serial_force,0.31323019754930764,0.8504589315409279
broadband,6.0,6,parallel,0.28911312121222543,0.8986260222165494
